{
	"song": {
		"player1": "bf",
		"gfVersion": "gf",
		"notes": [
			{
				"sectionBeats": 4,
				"sectionNotes": [
					[
						0,
						2,
						267
					],
					[
						352.941176470588,
						1,
						267
					],
					[
						705.882352941177,
						0,
						267
					],
					[
						1058.82352941176,
						3,
						623
					],
					[
						0,
						4,
						0,
						"No Animation"
					],
					[
						88.2352941176471,
						5,
						0,
						"No Animation"
					],
					[
						176.470588235294,
						6,
						0,
						"No Animation"
					],
					[
						264.705882352941,
						7,
						0,
						"No Animation"
					],
					[
						352.941176470588,
						4,
						0,
						"No Animation"
					],
					[
						529.411764705882,
						6,
						0,
						"No Animation"
					],
					[
						705.882352941177,
						4,
						0,
						"No Animation"
					],
					[
						882.352941176471,
						6,
						0,
						"No Animation"
					],
					[
						1058.82352941176,
						4,
						0,
						"No Animation"
					],
					[
						1235.29411764706,
						6,
						0,
						"No Animation"
					],
					[
						441.176470588235,
						5,
						0,
						"No Animation"
					],
					[
						617.64705882353,
						7,
						0,
						"No Animation"
					],
					[
						794.117647058824,
						5,
						0,
						"No Animation"
					],
					[
						970.588235294118,
						7,
						0,
						"No Animation"
					],
					[
						1147.05882352941,
						5,
						0,
						"No Animation"
					],
					[
						1323.52941176471,
						7,
						0,
						"No Animation"
					]
				],
				"gfSection": false,
				"altAnim": false,
				"mustHitSection": true,
				"changeBPM": false,
				"bpm": 150
			},
			{
				"sectionBeats": 4,
				"sectionNotes": [],
				"gfSection": false,
				"altAnim": false,
				"mustHitSection": true,
				"changeBPM": false,
				"bpm": 150
			},
			{
				"sectionBeats": 4,
				"sectionNotes": [
					[
						2823.52941176471,
						2,
						267
					],
					[
						3176.47058823529,
						1,
						267
					],
					[
						3529.41176470588,
						0,
						267
					],
					[
						3882.35294117647,
						3,
						267
					]
				],
				"gfSection": false,
				"altAnim": false,
				"mustHitSection": true,
				"changeBPM": false,
				"bpm": 150
			},
			{
				"sectionBeats": 4,
				"sectionNotes": [
					[
						4235.29411764706,
						1,
						623
					],
					[
						4941.17647058824,
						2,
						623
					]
				],
				"gfSection": false,
				"altAnim": false,
				"mustHitSection": true,
				"changeBPM": false,
				"bpm": 150
			},
			{
				"sectionBeats": 1,
				"sectionNotes": [
					[
						5647.05882352941,
						3,
						267
					]
				],
				"gfSection": false,
				"altAnim": false,
				"mustHitSection": true,
				"changeBPM": true,
				"bpm": 170.83
			},
			{
				"sectionBeats": 1,
				"sectionNotes": [
					[
						6000,
						1,
						261
					]
				],
				"gfSection": false,
				"altAnim": false,
				"mustHitSection": true,
				"changeBPM": true,
				"bpm": 172.55
			},
			{
				"sectionBeats": 1,
				"sectionNotes": [
					[
						6347.72529701536,
						0,
						261
					]
				],
				"gfSection": false,
				"altAnim": false,
				"mustHitSection": true,
				"changeBPM": true,
				"bpm": 173.85
			},
			{
				"sectionBeats": 1,
				"sectionNotes": [
					[
						6692.85040486695,
						1,
						605
					]
				],
				"gfSection": false,
				"altAnim": false,
				"mustHitSection": true,
				"changeBPM": true,
				"bpm": 175.41
			},
			{
				"sectionBeats": 1,
				"sectionNotes": [],
				"gfSection": false,
				"altAnim": false,
				"mustHitSection": true,
				"changeBPM": true,
				"bpm": 177
			},
			{
				"sectionBeats": 1,
				"sectionNotes": [],
				"gfSection": false,
				"altAnim": false,
				"mustHitSection": true,
				"changeBPM": true,
				"bpm": 178.43
			},
			{
				"sectionBeats": 1,
				"sectionNotes": [],
				"gfSection": false,
				"altAnim": false,
				"mustHitSection": true,
				"changeBPM": true,
				"bpm": 178.98
			},
			{
				"sectionBeats": 1,
				"sectionNotes": [],
				"gfSection": false,
				"altAnim": false,
				"mustHitSection": true,
				"changeBPM": true,
				"bpm": 179.43
			},
			{
				"sectionBeats": 4,
				"sectionNotes": [
					[
						8378.06595167805,
						2,
						252
					],
					[
						8711.39928501139,
						1,
						252
					],
					[
						9044.73261834472,
						0,
						252
					],
					[
						9378.06595167805,
						3,
						0
					],
					[
						9544.73261834472,
						2,
						252
					]
				],
				"gfSection": false,
				"altAnim": false,
				"mustHitSection": true,
				"changeBPM": true,
				"bpm": 180
			},
			{
				"sectionBeats": 4,
				"sectionNotes": [
					[
						9878.06595167805,
						1,
						0
					],
					[
						10044.7326183447,
						0,
						252
					],
					[
						10378.0659516781,
						1,
						0
					],
					[
						10544.7326183447,
						3,
						0
					],
					[
						10711.3992850114,
						1,
						0
					],
					[
						10878.0659516781,
						2,
						0
					]
				],
				"gfSection": false,
				"altAnim": false,
				"mustHitSection": true,
				"changeBPM": false,
				"bpm": 150
			},
			{
				"sectionBeats": 4,
				"sectionNotes": [
					[
						11044.7326183447,
						0,
						588
					]
				],
				"gfSection": false,
				"altAnim": false,
				"mustHitSection": true,
				"changeBPM": false,
				"bpm": 150
			},
			{
				"sectionBeats": 4,
				"sectionNotes": [],
				"gfSection": false,
				"altAnim": false,
				"mustHitSection": true,
				"changeBPM": false,
				"bpm": 150
			},
			{
				"sectionBeats": 4,
				"sectionNotes": [],
				"gfSection": false,
				"altAnim": false,
				"mustHitSection": true,
				"changeBPM": false,
				"bpm": 150
			},
			{
				"sectionBeats": 4,
				"sectionNotes": [],
				"gfSection": false,
				"altAnim": false,
				"mustHitSection": true,
				"changeBPM": false,
				"bpm": 150
			},
			{
				"sectionBeats": 4,
				"sectionNotes": [],
				"gfSection": false,
				"altAnim": false,
				"mustHitSection": true,
				"changeBPM": false,
				"bpm": 150
			},
			{
				"sectionBeats": 4,
				"sectionNotes": [],
				"gfSection": false,
				"altAnim": false,
				"mustHitSection": true,
				"changeBPM": false,
				"bpm": 150
			},
			{
				"sectionBeats": 4,
				"sectionNotes": [],
				"gfSection": false,
				"altAnim": false,
				"mustHitSection": true,
				"changeBPM": false,
				"bpm": 150
			},
			{
				"sectionBeats": 4,
				"sectionNotes": [],
				"gfSection": false,
				"altAnim": false,
				"mustHitSection": true,
				"changeBPM": false,
				"bpm": 150
			},
			{
				"sectionBeats": 4,
				"sectionNotes": [],
				"gfSection": false,
				"altAnim": false,
				"mustHitSection": true,
				"changeBPM": false,
				"bpm": 150
			},
			{
				"sectionBeats": 4,
				"sectionNotes": [],
				"gfSection": false,
				"altAnim": false,
				"mustHitSection": true,
				"changeBPM": false,
				"bpm": 150
			},
			{
				"sectionBeats": 4,
				"sectionNotes": [],
				"gfSection": false,
				"altAnim": false,
				"mustHitSection": true,
				"changeBPM": false,
				"bpm": 150
			},
			{
				"sectionBeats": 4,
				"sectionNotes": [],
				"gfSection": false,
				"altAnim": false,
				"mustHitSection": true,
				"changeBPM": false,
				"bpm": 150
			},
			{
				"sectionBeats": 4,
				"sectionNotes": [],
				"gfSection": false,
				"altAnim": false,
				"mustHitSection": true,
				"changeBPM": false,
				"bpm": 150
			},
			{
				"sectionBeats": 4,
				"sectionNotes": [],
				"gfSection": false,
				"altAnim": false,
				"mustHitSection": true,
				"changeBPM": false,
				"bpm": 150
			},
			{
				"sectionBeats": 4,
				"sectionNotes": [],
				"gfSection": false,
				"altAnim": false,
				"mustHitSection": true,
				"changeBPM": false,
				"bpm": 150
			},
			{
				"sectionBeats": 4,
				"sectionNotes": [],
				"gfSection": false,
				"altAnim": false,
				"mustHitSection": true,
				"changeBPM": false,
				"bpm": 150
			},
			{
				"sectionBeats": 4,
				"sectionNotes": [],